setupId,date,time,symbol,type,entryPrice,stopLoss,takeProfit,exitPrice,outcome,pnlUSD,pnlR,confluenceScore,strategy
"CRASH1000_BUY_2026-09-14T00:05:00Z","2026-09-14","2026-09-14T00:05:00Z","CRASH1000","BUY",5956.17,0,0,0,"WIN",1.3,1.3,10,"Strategy 5B Enhanced"
"BOOM500_SELL_2026-09-14T00:15:00Z","2026-09-14","2026-09-14T00:15:00Z","BOOM500","SELL",4662.1,0,0,0,"WIN",1.3,1.3,10,"Strategy 5B Enhanced"
"BOOM200_SELL_2026-09-14T00:45:00Z","2026-09-14","2026-09-14T00:45:00Z","BOOM200","SELL",99300.72,0,0,0,"LOSS",-1,-1,10,"Strategy 5B Enhanced"
"CRASH300N_BUY_2026-09-14T01:05:00Z","2026-09-14","2026-09-14T01:05:00Z","CRASH300N","BUY",2125.29,0,0,0,"LOSS",-1,-1,10,"Strategy 5B Enhanced"
"BOOM500_SELL_2026-09-14T01:44:00Z","2026-09-14","2026-09-14T01:44:00Z","BOOM500","SELL",4665.39,0,0,0,"WIN",1.3,1.3,10,"Strategy 5B Enhanced"
"CRASH1000_BUY_2026-09-14T02:35:00Z","2026-09-14","2026-09-14T02:35:00Z","CRASH1000","BUY",5940,0,0,0,"LOSS",-1,-1,10,"Strategy 5B Enhanced"
"CRASH99_BUY_2026-09-14T02:56:00Z","2026-09-14","2026-09-14T02:56:00Z","CRASH99","BUY",96124.74,0,0,0,"LOSS",-1,-1,10,"Strategy 5B Enhanced"
"BOOM500_SELL_2026-09-14T03:00:00Z","2026-09-14","2026-09-14T03:00:00Z","BOOM500","SELL",4654.65,0,0,0,"LOSS",-1,-1,10,"Strategy 5B Enhanced"
"CRASH300N_BUY_2026-09-14T03:35:00Z","2026-09-14","2026-09-14T03:35:00Z","CRASH300N","BUY",2134.99,0,0,0,"LOSS",-1,-1,10,"Strategy 5B Enhanced"
"BOOM500_SELL_2026-09-14T03:40:00Z","2026-09-14","2026-09-14T03:40:00Z","BOOM500","SELL",4640.49,0,0,0,"WIN",1.3,1.3,10,"Strategy 5B Enhanced"
"BOOM500_SELL_2026-09-14T04:55:00Z","2026-09-14","2026-09-14T04:55:00Z","BOOM500","SELL",4637.73,0,0,0,"LOSS",-1,-1,10,"Strategy 5B Enhanced"
"CRASH300N_BUY_2026-09-14T04:57:00Z","2026-09-14","2026-09-14T04:57:00Z","CRASH300N","BUY",2102.88,0,0,0,"LOSS",-1,-1,10,"Strategy 5B Enhanced"
"BOOM500_SELL_2026-09-14T07:00:00Z","2026-09-14","2026-09-14T07:00:00Z","BOOM500","SELL",4630,0,0,0,"WIN",1.3,1.3,10,"Strategy 5B Enhanced"
"BOOM500_SELL_2026-09-14T08:30:00Z","2026-09-14","2026-09-14T08:30:00Z","BOOM500","SELL",4635,0,0,0,"LOSS",-1,-1,10,"Strategy 5B Enhanced"
"BOOM200_SELL_2026-09-14T09:35:00Z","2026-09-14","2026-09-14T09:35:00Z","BOOM200","SELL",99215.56,0,0,0,"LOSS",-1,-1,10,"Strategy 5B Enhanced"
"CRASH99_BUY_2026-09-14T10:00:00Z","2026-09-14","2026-09-14T10:00:00Z","CRASH99","BUY",96363.43,0,0,0,"LOSS",-1,-1,10,"Strategy 5B Enhanced"
"CRASH500_BUY_2026-09-14T10:50:00Z","2026-09-14","2026-09-14T10:50:00Z","CRASH500","BUY",3120.52,0,0,0,"WIN",1.3,1.3,10,"Strategy 5B Enhanced"
"CRASH99_BUY_2026-09-14T12:55:00Z","2026-09-14","2026-09-14T12:55:00Z","CRASH99","BUY",96359.91,0,0,0,"WIN",1.3,1.3,10,"Strategy 5B Enhanced"
"CRASH1000_BUY_2026-09-14T13:06:00Z","2026-09-14","2026-09-14T13:06:00Z","CRASH1000","BUY",5956.17,0,0,0,"WIN",1.3,1.3,10,"Strategy 5B Enhanced"
"BOOM200_SELL_2026-09-14T13:15:00Z","2026-09-14","2026-09-14T13:15:00Z","BOOM200","SELL",99352.86,0,0,0,"WIN",1.3,1.3,10,"Strategy 5B Enhanced"
"CRASH500_BUY_2026-09-14T13:55:00Z","2026-09-14","2026-09-14T13:55:00Z","CRASH500","BUY",3141.54,0,0,0,"WIN",1.3,1.3,10,"Strategy 5B Enhanced"
"BOOM200_SELL_2026-09-14T14:48:00Z","2026-09-14","2026-09-14T14:48:00Z","BOOM200","SELL",99337.2,0,0,0,"WIN",1.3,1.3,10,"Strategy 5B Enhanced"
"CRASH99_BUY_2026-09-14T15:20:00Z","2026-09-14","2026-09-14T15:20:00Z","CRASH99","BUY",96474.23,0,0,0,"LOSS",-1,-1,10,"Strategy 5B Enhanced"
"CRASH500_BUY_2026-09-14T16:00:00Z","2026-09-14","2026-09-14T16:00:00Z","CRASH500","BUY",3148.02,0,0,0,"WIN",1.3,1.3,10,"Strategy 5B Enhanced"
"CRASH500_BUY_2026-09-14T17:25:00Z","2026-09-14","2026-09-14T17:25:00Z","CRASH500","BUY",3150.5,0,0,0,"WIN",1.3,1.3,10,"Strategy 5B Enhanced"
"BOOM200_SELL_2026-09-14T17:50:00Z","2026-09-14","2026-09-14T17:50:00Z","BOOM200","SELL",99265.77,0,0,0,"LOSS",-1,-1,10,"Strategy 5B Enhanced"
"CRASH500_BUY_2026-09-14T18:55:00Z","2026-09-14","2026-09-14T18:55:00Z","CRASH500","BUY",3162.13,0,0,0,"WIN",1.3,1.3,10,"Strategy 5B Enhanced"
"BOOM200_SELL_2026-09-15T00:15:00Z","2026-09-15","2026-09-15T00:15:00Z","BOOM200","SELL",99300,0,0,0,"LOSS",-1,-1,10,"Strategy 5B Enhanced"
"CRASH300N_BUY_2026-09-15T00:25:00Z","2026-09-15","2026-09-15T00:25:00Z","CRASH300N","BUY",2112.6,0,0,0,"LOSS",-1,-1,10,"Strategy 5B Enhanced"
"CRASH500_BUY_2026-09-15T00:55:00Z","2026-09-15","2026-09-15T00:55:00Z","CRASH500","BUY",3148.41,0,0,0,"LOSS",-1,-1,10,"Strategy 5B Enhanced"
"CRASH500_BUY_2026-09-15T03:50:00Z","2026-09-15","2026-09-15T03:50:00Z","CRASH500","BUY",3157.89,0,0,0,"LOSS",-1,-1,10,"Strategy 5B Enhanced"
"CRASH99_BUY_2026-09-15T03:50:00Z","2026-09-15","2026-09-15T03:50:00Z","CRASH99","BUY",96386.94,0,0,0,"WIN",1.3,1.3,10,"Strategy 5B Enhanced"
"CRASH300N_BUY_2026-09-15T04:55:00Z","2026-09-15","2026-09-15T04:55:00Z","CRASH300N","BUY",2153.95,0,0,0,"LOSS",-1,-1,10,"Strategy 5B Enhanced"
"CRASH99_BUY_2026-09-15T05:55:00Z","2026-09-15","2026-09-15T05:55:00Z","CRASH99","BUY",96478.56,0,0,0,"WIN",1.3,1.3,10,"Strategy 5B Enhanced"
"CRASH500_BUY_2026-09-15T06:50:00Z","2026-09-15","2026-09-15T06:50:00Z","CRASH500","BUY",3166.77,0,0,0,"LOSS",-1,-1,10,"Strategy 5B Enhanced"
"BOOM300N_SELL_2026-09-15T08:40:00Z","2026-09-15","2026-09-15T08:40:00Z","BOOM300N","SELL",379.38,0,0,0,"LOSS",-1,-1,10,"Strategy 5B Enhanced"
"CRASH300N_BUY_2026-09-15T09:00:00Z","2026-09-15","2026-09-15T09:00:00Z","CRASH300N","BUY",2150,0,0,0,"LOSS",-1,-1,10,"Strategy 5B Enhanced"
"CRASH99_BUY_2026-09-15T11:40:00Z","2026-09-15","2026-09-15T11:40:00Z","CRASH99","BUY",96546.52,0,0,0,"LOSS",-1,-1,10,"Strategy 5B Enhanced"
"CRASH99_BUY_2026-09-15T13:25:00Z","2026-09-15","2026-09-15T13:25:00Z","CRASH99","BUY",96549.41,0,0,0,"WIN",1.3,1.3,10,"Strategy 5B Enhanced"
"BOOM300N_SELL_2026-09-15T18:05:00Z","2026-09-15","2026-09-15T18:05:00Z","BOOM300N","SELL",380.44,0,0,0,"LOSS",-1,-1,10,"Strategy 5B Enhanced"
"BOOM300N_SELL_2026-09-15T19:14:00Z","2026-09-15","2026-09-15T19:14:00Z","BOOM300N","SELL",382.82,0,0,0,"WIN",1.3,1.3,10,"Strategy 5B Enhanced"
"CRASH99_BUY_2026-09-15T21:50:00Z","2026-09-15","2026-09-15T21:50:00Z","CRASH99","BUY",96907.81,0,0,0,"WIN",1.3,1.3,10,"Strategy 5B Enhanced"
"CRASH99_BUY_2026-09-16T00:01:00Z","2026-09-16","2026-09-16T00:01:00Z","CRASH99","BUY",96919.83,0,0,0,"LOSS",-1,-1,10,"Strategy 5B Enhanced"
"CRASH500_BUY_2026-09-16T00:05:00Z","2026-09-16","2026-09-16T00:05:00Z","CRASH500","BUY",3143.74,0,0,0,"WIN",1.3,1.3,10,"Strategy 5B Enhanced"
"BOOM300N_SELL_2026-09-16T00:15:00Z","2026-09-16","2026-09-16T00:15:00Z","BOOM300N","SELL",376.99,0,0,0,"WIN",1.3,1.3,10,"Strategy 5B Enhanced"
"BOOM300N_SELL_2026-09-16T02:00:00Z","2026-09-16","2026-09-16T02:00:00Z","BOOM300N","SELL",371.65,0,0,0,"LOSS",-1,-1,10,"Strategy 5B Enhanced"
"CRASH99_BUY_2026-09-16T02:25:00Z","2026-09-16","2026-09-16T02:25:00Z","CRASH99","BUY",96853.9,0,0,0,"LOSS",-1,-1,10,"Strategy 5B Enhanced"
"CRASH500_BUY_2026-09-16T04:27:00Z","2026-09-16","2026-09-16T04:27:00Z","CRASH500","BUY",3163.46,0,0,0,"LOSS",-1,-1,10,"Strategy 5B Enhanced"
"CRASH300N_BUY_2026-09-16T05:02:00Z","2026-09-16","2026-09-16T05:02:00Z","CRASH300N","BUY",2051.12,0,0,0,"WIN",1.3,1.3,10,"Strategy 5B Enhanced"
"CRASH99_BUY_1788945600000","2026-09-16","2026-09-16T05:02:15.176Z","CRASH99","BUY",95517.801,95474.09913048023,95574.61343037571,95574.61343037571,"WIN",19.18,1.3,10,"Strategy 5B Enhanced"
"CRASH500_BUY_2026-09-16T06:10:00Z","2026-09-16","2026-09-16T06:10:00Z","CRASH500","BUY",3160,0,0,0,"LOSS",-1,-1,10,"Strategy 5B Enhanced"
"CRASH99_BUY_2026-09-16T07:00:00Z","2026-09-16","2026-09-16T07:00:00Z","CRASH99","BUY",96786.24,0,0,0,"WIN",1.3,1.3,10,"Strategy 5B Enhanced"
"BOOM300N_SELL_2026-09-16T11:16:00Z","2026-09-16","2026-09-16T11:16:00Z","BOOM300N","SELL",364.21,0,0,0,"LOSS",-1,-1,10,"Strategy 5B Enhanced"
"CRASH99_BUY_2026-09-16T12:00:00Z","2026-09-16","2026-09-16T12:00:00Z","CRASH99","BUY",97079.04,0,0,0,"WIN",1.3,1.3,10,"Strategy 5B Enhanced"
"CRASH99_BUY_2026-09-16T13:36:00Z","2026-09-16","2026-09-16T13:36:00Z","CRASH99","BUY",97150.15,0,0,0,"WIN",1.3,1.3,10,"Strategy 5B Enhanced"
"CRASH99_BUY_2026-09-16T16:04:00Z","2026-09-16","2026-09-16T16:04:00Z","CRASH99","BUY",97175.4,0,0,0,"WIN",1.3,1.3,10,"Strategy 5B Enhanced"
"CRASH99_BUY_2026-09-16T18:03:00Z","2026-09-16","2026-09-16T18:03:00Z","CRASH99","BUY",97244.76,0,0,0,"WIN",1.3,1.3,10,"Strategy 5B Enhanced"
"BOOM300N_SELL_2026-09-16T20:46:00Z","2026-09-16","2026-09-16T20:46:00Z","BOOM300N","SELL",360,0,0,0,"LOSS",-1,-1,10,"Strategy 5B Enhanced"
"BOOM300N_SELL_2026-09-17T00:55:00Z","2026-09-17","2026-09-17T00:55:00Z","BOOM300N","SELL",369.28,0,0,0,"WIN",1.3,1.3,10,"Strategy 5B Enhanced"
"CRASH99_BUY_2026-09-17T01:05:00Z","2026-09-17","2026-09-17T01:05:00Z","CRASH99","BUY",97245.79,0,0,0,"LOSS",-1,-1,10,"Strategy 5B Enhanced"
"BOOM300N_SELL_2026-09-17T02:35:00Z","2026-09-17","2026-09-17T02:35:00Z","BOOM300N","SELL",361.02,0,0,0,"WIN",1.3,1.3,10,"Strategy 5B Enhanced"
"BOOM300N_SELL_2026-09-17T05:04:00Z","2026-09-17","2026-09-17T05:04:00Z","BOOM300N","SELL",364.81,0,0,0,"WIN",1.3,1.3,10,"Strategy 5B Enhanced"
"BOOM900_SELL_2026-09-17T06:45:00Z","2026-09-17","2026-09-17T06:45:00Z","BOOM900","SELL",9333.22,0,0,0,"WIN",1.3,1.3,10,"Strategy 5B Enhanced"
"BOOM900_SELL_2026-09-17T10:10:00Z","2026-09-17","2026-09-17T10:10:00Z","BOOM900","SELL",9275.92,0,0,0,"WIN",1.3,1.3,10,"Strategy 5B Enhanced"
"BOOM900_SELL_2026-09-17T11:29:00Z","2026-09-17","2026-09-17T11:29:00Z","BOOM900","SELL",9261.99,0,0,0,"LOSS",-1,-1,10,"Strategy 5B Enhanced"
"BOOM300N_SELL_2026-09-17T12:10:00Z","2026-09-17","2026-09-17T12:10:00Z","BOOM300N","SELL",350.2,0,0,0,"LOSS",-1,-1,10,"Strategy 5B Enhanced"
"BOOM900_SELL_2026-09-17T13:23:00Z","2026-09-17","2026-09-17T13:23:00Z","BOOM900","SELL",9271.61,0,0,0,"WIN",1.3,1.3,10,"Strategy 5B Enhanced"
"CRASH500_BUY_2026-09-17T16:17:00Z","2026-09-17","2026-09-17T16:17:00Z","CRASH500","BUY",3151.5,0,0,0,"LOSS",-1,-1,10,"Strategy 5B Enhanced"
"CRASH99_BUY_2026-09-17T18:00:00Z","2026-09-17","2026-09-17T18:00:00Z","CRASH99","BUY",97134.66,0,0,0,"LOSS",-1,-1,10,"Strategy 5B Enhanced"
"BOOM900_SELL_2026-09-17T18:01:00Z","2026-09-17","2026-09-17T18:01:00Z","BOOM900","SELL",9278.98,0,0,0,"WIN",1.3,1.3,10,"Strategy 5B Enhanced"
"BOOM900_SELL_2026-09-17T19:00:00Z","2026-09-17","2026-09-17T19:00:00Z","BOOM900","SELL",9268.87,0,0,0,"WIN",1.3,1.3,10,"Strategy 5B Enhanced"
"BOOM600_SELL_2026-09-17T22:05:00Z","2026-09-17","2026-09-17T22:05:00Z","BOOM600","SELL",5150.56,0,0,0,"LOSS",-1,-1,10,"Strategy 5B Enhanced"
"CRASH500_BUY_2026-09-18T00:19:00Z","2026-09-18","2026-09-18T00:19:00Z","CRASH500","BUY",3132.03,0,0,0,"WIN",1.3,1.3,10,"Strategy 5B Enhanced"
"BOOM300N_SELL_2026-09-18T00:40:00Z","2026-09-18","2026-09-18T00:40:00Z","BOOM300N","SELL",364.46,0,0,0,"LOSS",-1,-1,10,"Strategy 5B Enhanced"
"BOOM500_SELL_2026-09-18T04:59:00Z","2026-09-18","2026-09-18T04:59:00Z","BOOM500","SELL",4707.34,0,0,0,"LOSS",-1,-1,10,"Strategy 5B Enhanced"
"BOOM300N_SELL_2026-09-18T05:00:00Z","2026-09-18","2026-09-18T05:00:00Z","BOOM300N","SELL",366.74,0,0,0,"WIN",1.3,1.3,10,"Strategy 5B Enhanced"
"CRASH500_BUY_2026-09-18T06:39:00Z","2026-09-18","2026-09-18T06:39:00Z","CRASH500","BUY",3130.78,0,0,0,"WIN",1.3,1.3,10,"Strategy 5B Enhanced"
"BOOM600_SELL_2026-09-18T07:05:00Z","2026-09-18","2026-09-18T07:05:00Z","BOOM600","SELL",5152.48,0,0,0,"LOSS",-1,-1,10,"Strategy 5B Enhanced"
"CRASH500_BUY_2026-09-18T07:27:00Z","2026-09-18","2026-09-18T07:27:00Z","CRASH500","BUY",3136.88,0,0,0,"WIN",1.3,1.3,10,"Strategy 5B Enhanced"
"CRASH500_BUY_2026-09-18T08:14:00Z","2026-09-18","2026-09-18T08:14:00Z","CRASH500","BUY",3145.2,0,0,0,"LOSS",-1,-1,10,"Strategy 5B Enhanced"
"CRASH1000_BUY_2026-09-18T09:05:00Z","2026-09-18","2026-09-18T09:05:00Z","CRASH1000","BUY",5924.5,0,0,0,"LOSS",-1,-1,10,"Strategy 5B Enhanced"
"BOOM600_SELL_2026-09-18T11:35:00Z","2026-09-18","2026-09-18T11:35:00Z","BOOM600","SELL",5145.71,0,0,0,"LOSS",-1,-1,10,"Strategy 5B Enhanced"
"BOOM300N_SELL_2026-09-18T12:02:00Z","2026-09-18","2026-09-18T12:02:00Z","BOOM300N","SELL",358.94,0,0,0,"WIN",1.3,1.3,10,"Strategy 5B Enhanced"
"CRASH300N_BUY_2026-09-18T12:05:00Z","2026-09-18","2026-09-18T12:05:00Z","CRASH300N","BUY",2063.09,0,0,0,"LOSS",-1,-1,10,"Strategy 5B Enhanced"
"BOOM300N_SELL_2026-09-18T13:00:00Z","2026-09-18","2026-09-18T13:00:00Z","BOOM300N","SELL",355.42,0,0,0,"LOSS",-1,-1,10,"Strategy 5B Enhanced"
"CRASH1000_BUY_2026-09-18T15:04:00Z","2026-09-18","2026-09-18T15:04:00Z","CRASH1000","BUY",5927.4,0,0,0,"LOSS",-1,-1,10,"Strategy 5B Enhanced"
"BOOM600_SELL_2026-09-19T00:11:00Z","2026-09-19","2026-09-19T00:11:00Z","BOOM600","SELL",5149.51,0,0,0,"WIN",1.3,1.3,10,"Strategy 5B Enhanced"
"CRASH300N_BUY_2026-09-19T06:00:00Z","2026-09-19","2026-09-19T06:00:00Z","CRASH300N","BUY",2065.39,0,0,0,"WIN",1.3,1.3,10,"Strategy 5B Enhanced"
"CRASH99_BUY_2026-09-19T11:11:00Z","2026-09-19","2026-09-19T11:11:00Z","CRASH99","BUY",97056.49,0,0,0,"WIN",1.3,1.3,10,"Strategy 5B Enhanced"
"BOOM300N_SELL_2026-09-19T12:45:00Z","2026-09-19","2026-09-19T12:45:00Z","BOOM300N","SELL",354.31,0,0,0,"LOSS",-1,-1,10,"Strategy 5B Enhanced"
"BOOM300N_SELL_2026-09-19T19:00:00Z","2026-09-19","2026-09-19T19:00:00Z","BOOM300N","SELL",348.96,0,0,0,"LOSS",-1,-1,10,"Strategy 5B Enhanced"
"CRASH300N_BUY_2026-09-19T20:00:00Z","2026-09-19","2026-09-19T20:00:00Z","CRASH300N","BUY",2092.52,0,0,0,"LOSS",-1,-1,10,"Strategy 5B Enhanced"
"CRASH1000_BUY_2026-09-19T22:30:00Z","2026-09-19","2026-09-19T22:30:00Z","CRASH1000","BUY",6039.4,0,0,0,"WIN",1.3,1.3,10,"Strategy 5B Enhanced"
"BOOM300N_SELL_2026-09-20T01:10:00Z","2026-09-20","2026-09-20T01:10:00Z","BOOM300N","SELL",356.86,0,0,0,"WIN",1.3,1.3,10,"Strategy 5B Enhanced"
"CRASH1000_BUY_2026-09-20T03:01:00Z","2026-09-20","2026-09-20T03:01:00Z","CRASH1000","BUY",6014.09,0,0,0,"LOSS",-1,-1,10,"Strategy 5B Enhanced"
"CRASH99_BUY_2026-09-20T05:50:00Z","2026-09-20","2026-09-20T05:50:00Z","CRASH99","BUY",97347.08,0,0,0,"WIN",1.3,1.3,10,"Strategy 5B Enhanced"
"CRASH300N_BUY_2026-09-20T06:00:00Z","2026-09-20","2026-09-20T06:00:00Z","CRASH300N","BUY",2114.11,0,0,0,"LOSS",-1,-1,10,"Strategy 5B Enhanced"
"BOOM600_SELL_2026-09-20T07:55:00Z","2026-09-20","2026-09-20T07:55:00Z","BOOM600","SELL",5072.82,0,0,0,"WIN",1.3,1.3,10,"Strategy 5B Enhanced"
"CRASH1000_BUY_2026-09-20T11:05:00Z","2026-09-20","2026-09-20T11:05:00Z","CRASH1000","BUY",6004.67,0,0,0,"WIN",1.3,1.3,10,"Strategy 5B Enhanced"
"CRASH99_BUY_2026-09-20T12:55:00Z","2026-09-20","2026-09-20T12:55:00Z","CRASH99","BUY",97393.62,0,0,0,"WIN",1.3,1.3,10,"Strategy 5B Enhanced"
"BOOM900_SELL_2026-09-20T13:15:00Z","2026-09-20","2026-09-20T13:15:00Z","BOOM900","SELL",9274.8,0,0,0,"LOSS",-1,-1,10,"Strategy 5B Enhanced"
"BOOM900_SELL_2026-09-20T14:19:00Z","2026-09-20","2026-09-20T14:19:00Z","BOOM900","SELL",9288.23,0,0,0,"WIN",1.3,1.3,10,"Strategy 5B Enhanced"
"CRASH99_BUY_2026-09-20T14:20:00Z","2026-09-20","2026-09-20T14:20:00Z","CRASH99","BUY",97437.68,0,0,0,"LOSS",-1,-1,10,"Strategy 5B Enhanced"
"CRASH300N_BUY_2026-09-20T15:55:00Z","2026-09-20","2026-09-20T15:55:00Z","CRASH300N","BUY",2132.92,0,0,0,"LOSS",-1,-1,10,"Strategy 5B Enhanced"
"CRASH1000_BUY_2026-09-20T19:05:00Z","2026-09-20","2026-09-20T19:05:00Z","CRASH1000","BUY",6032.65,0,0,0,"LOSS",-1,-1,10,"Strategy 5B Enhanced"
"CRASH99_BUY_2026-09-20T21:50:00Z","2026-09-20","2026-09-20T21:50:00Z","CRASH99","BUY",97565.27,0,0,0,"LOSS",-1,-1,10,"Strategy 5B Enhanced"
"CRASH500_BUY_2026-09-21T04:50:00Z","2026-09-21","2026-09-21T04:50:00Z","CRASH500","BUY",0,0,0,0,"WIN",1.3,1.3,10,"Strategy 5B Enhanced"
"BOOM600_SELL_2026-09-21T07:15:00Z","2026-09-21","2026-09-21T07:15:00Z","BOOM600","SELL",0,0,0,0,"WIN",1.3,1.3,10,"Strategy 5B Enhanced"
"CRASH300N_BUY_2026-09-21T09:30:00Z","2026-09-21","2026-09-21T09:30:00Z","CRASH300N","BUY",0,0,0,0,"LOSS",-1,-1,10,"Strategy 5B Enhanced"
"BOOM900_SELL_2026-09-21T12:10:00Z","2026-09-21","2026-09-21T12:10:00Z","BOOM900","SELL",0,0,0,0,"WIN",1.3,1.3,10,"Strategy 5B Enhanced"
"CRASH500_BUY_2026-09-21T14:40:00Z","2026-09-21","2026-09-21T14:40:00Z","CRASH500","BUY",0,0,0,0,"WIN",1.3,1.3,10,"Strategy 5B Enhanced"
"BOOM900_SELL_2026-09-22T08:00:00Z","2026-09-22","2026-09-22T08:00:00Z","BOOM900","SELL",0,0,0,0,"WIN",1.3,1.3,10,"Strategy 5B Enhanced"
"BOOM900_SELL_2026-09-22T09:40:00Z","2026-09-22","2026-09-22T09:40:00Z","BOOM900","SELL",0,0,0,0,"WIN",1.3,1.3,10,"Strategy 5B Enhanced"
"CRASH500_BUY_1789965900000","2026-09-22","2026-09-22T10:13:22.992Z","CRASH500","BUY",3105.762,3097.364244046194,3116.679082739948,3116.679082739948,"WIN",4.65,1.3,10,"Strategy 5B Enhanced"
"BOOM600_SELL_2026-09-22T10:20:00Z","2026-09-22","2026-09-22T10:20:00Z","BOOM600","SELL",0,0,0,0,"WIN",1.3,1.3,10,"Strategy 5B Enhanced"
"CRASH300N_BUY_2026-09-22T10:55:00Z","2026-09-22","2026-09-22T10:55:00Z","CRASH300N","BUY",0,0,0,0,"LOSS",-1,-1,10,"Strategy 5B Enhanced"
"BOOM900_SELL_2026-09-22T11:45:00Z","2026-09-22","2026-09-22T11:45:00Z","BOOM900","SELL",0,0,0,0,"WIN",1.3,1.3,10,"Strategy 5B Enhanced"
"BOOM600_SELL_2026-09-22T12:30:00Z","2026-09-22","2026-09-22T12:30:00Z","BOOM600","SELL",0,0,0,0,"LOSS",-1,-1,10,"Strategy 5B Enhanced"
"CRASH300N_BUY_2026-09-22T13:30:00Z","2026-09-22","2026-09-22T13:30:00Z","CRASH300N","BUY",0,0,0,0,"LOSS",-1,-1,10,"Strategy 5B Enhanced"
"BOOM900_SELL_2026-09-22T14:15:00Z","2026-09-22","2026-09-22T14:15:00Z","BOOM900","SELL",0,0,0,0,"WIN",1.3,1.3,10,"Strategy 5B Enhanced"
"CRASH500_BUY_2026-09-22T15:10:00Z","2026-09-22","2026-09-22T15:10:00Z","CRASH500","BUY",0,0,0,0,"WIN",1.3,1.3,10,"Strategy 5B Enhanced"
"CRASH99_BUY_2026-09-22T16:00:00Z","2026-09-22","2026-09-22T16:00:00Z","CRASH99","BUY",0,0,0,0,"LOSS",-1,-1,10,"Strategy 5B Enhanced"
"BOOM900_SELL_2026-09-22T17:20:00Z","2026-09-22","2026-09-22T17:20:00Z","BOOM900","SELL",0,0,0,0,"LOSS",-1,-1,10,"Strategy 5B Enhanced"
"BOOM900_SELL_2026-09-22T18:45:00Z","2026-09-22","2026-09-22T18:45:00Z","BOOM900","SELL",0,0,0,0,"WIN",1.3,1.3,10,"Strategy 5B Enhanced"
"CRASH500_BUY_2026-09-22T19:30:00Z","2026-09-22","2026-09-22T19:30:00Z","CRASH500","BUY",0,0,0,0,"WIN",1.3,1.3,10,"Strategy 5B Enhanced"
"CRASH99_BUY_2026-09-22T20:15:00Z","2026-09-22","2026-09-22T20:15:00Z","CRASH99","BUY",0,0,0,0,"LOSS",-1,-1,10,"Strategy 5B Enhanced"
"BOOM600_SELL_2026-09-22T21:10:00Z","2026-09-22","2026-09-22T21:10:00Z","BOOM600","SELL",0,0,0,0,"WIN",1.3,1.3,10,"Strategy 5B Enhanced"
"CRASH500_BUY_2026-09-22T22:00:00Z","2026-09-22","2026-09-22T22:00:00Z","CRASH500","BUY",0,0,0,0,"LOSS",-1,-1,10,"Strategy 5B Enhanced"
"BOOM600_SELL_2026-09-22T23:15:00Z","2026-09-22","2026-09-22T23:15:00Z","BOOM600","SELL",0,0,0,0,"WIN",1.3,1.3,10,"Strategy 5B Enhanced"
"CRASH300N_BUY_2026-09-23T01:20:00Z","2026-09-23","2026-09-23T01:20:00Z","CRASH300N","BUY",0,0,0,0,"WIN",1.3,1.3,10,"Strategy 5B Enhanced"
"CRASH300N_BUY_2026-09-23T03:00:00Z","2026-09-23","2026-09-23T03:00:00Z","CRASH300N","BUY",0,0,0,0,"LOSS",-1,-1,10,"Strategy 5B Enhanced"
"BOOM300N_SELL_2026-09-23T04:10:00Z","2026-09-23","2026-09-23T04:10:00Z","BOOM300N","SELL",0,0,0,0,"WIN",1.3,1.3,10,"Strategy 5B Enhanced"
"CRASH300N_BUY_2026-09-23T06:30:00Z","2026-09-23","2026-09-23T06:30:00Z","CRASH300N","BUY",0,0,0,0,"WIN",1.3,1.3,10,"Strategy 5B Enhanced"
"BOOM300N_SELL_2026-09-23T08:15:00Z","2026-09-23","2026-09-23T08:15:00Z","BOOM300N","SELL",0,0,0,0,"LOSS",-1,-1,10,"Strategy 5B Enhanced"
"CRASH500_BUY_1790223600000","2026-09-24","2026-09-24T11:37:03.874Z","CRASH500","BUY",3143.859,3137.4037149896753,3152.250870513422,3137.4037149896753,"LOSS",-54.99,-1,10,"Strategy 5B Enhanced"
"CRASH300N_BUY_1790266800000","2026-09-25","2026-09-25T03:41:24.368Z","CRASH300N","BUY",2454.096,2429.187970433684,2486.476438436211,2429.187970433684,"LOSS",-54.99,-1,10,"Strategy 5B Enhanced"